
[
    {
        "name": "Afghanistan",
        "code": "AF",
        "capital": "Kabul",
        "region": "AS",
        "currency": {
            "code": "AFN",
            "name": "Afghan afghani",
            "symbol": "؋"
        },
        "language": {
            "code": "ps",
            "name": "Pashto"
        },
        "flag": "Images/w40-webp/af.webp"
    },
    {
        "name": "Åland Islands",
        "code": "AX",
        "capital": "Mariehamn",
        "region": "EU",
        "currency": {
            "code": "EUR",
            "name": "Euro",
            "symbol": "€"
        },
        "language": {
            "code": "sv",
            "name": "Swedish"
        },
        "flag": "Images/w40-webp/ax.webp"
    },
    {
        "name": "Albania",
        "code": "AL",
        "capital": "Tirana",
        "region": "EU",
        "currency": {
            "code": "ALL",
            "name": "Albanian lek",
            "symbol": "L"
        },
        "language": {
            "code": "sq",
            "name": "Albanian"
        },
        "flag": "Images/w40-webp/al.webp"
    },
    {
        "name": "Algeria",
        "code": "DZ",
        "capital": "Algiers",
        "region": "AF",
        "currency": {
            "code": "DZD",
            "name": "Algerian dinar",
            "symbol": "د.ج"
        },
        "language": {
            "code": "ar",
            "name": "Arabic"
        },
        "flag": "Images/w40-webp/dz.webp"
    },
    {
        "name": "American Samoa",
        "code": "AS",
        "capital": "Pago Pago",
        "region": "OC",
        "currency": {
            "code": "USD",
            "name": "United State Dollar",
            "symbol": "$"
        },
        "language": {
            "code": "en",
            "name": "English"
        },
        "flag": "Images/w40-webp/as.webp"
    },
    {
        "name": "Andorra",
        "code": "AD",
        "capital": "Andorra la Vella",
        "region": "EU",
        "currency": {
            "code": "EUR",
            "name": "Euro",
            "symbol": "€"
        },
        "language": {
            "code": "ca",
            "name": "Catalan"
        },
        "flag": "Images/w40-webp/ad.webp"
    },
    {
        "name": "Angola",
        "code": "AO",
        "capital": "Luanda",
        "region": "AF",
        "currency": {
            "code": "AOA",
            "name": "Angolan kwanza",
            "symbol": "Kz"
        },
        "language": {
            "code": "pt",
            "name": "Portuguese"
        },
        "flag": "Images/w40-webp/ao.webp"
    },
    {
        "name": "Anguilla",
        "code": "AI",
        "capital": "The Valley",
        "region": "NA",
        "currency": {
            "code": "XCD",
            "name": "East Caribbean dollar",
            "symbol": "$"
        },
        "language": {
            "code": "en",
            "name": "English"
        },
        "flag": "Images/w40-webp/ai.webp"
    },
    {
        "name": "Antigua and Barbuda",
        "code": "AG",
        "capital": "Saint John's",
        "region": "NA",
        "currency": {
            "code": "XCD",
            "name": "East Caribbean dollar",
            "symbol": "$"
        },
        "language": {
            "code": "en",
            "name": "English"
        },
        "flag": "Images/w40-webp/ag.webp"
    },
    {
        "name": "Argentina",
        "code": "AR",
        "capital": "Buenos Aires",
        "region": "SA",
        "currency": {
            "code": "ARS",
            "name": "Argentine peso",
            "symbol": "$"
        },
        "language": {
            "code": "es",
            "name": "Spanish"
        },
        "flag": "Images/w40-webp/ar.webp"
    },
    {
        "name": "Armenia",
        "code": "AM",
        "capital": "Yerevan",
        "region": "AS",
        "currency": {
            "code": "AMD",
            "name": "Armenian dram",
            "symbol": null
        },
        "language": {
            "code": "hy",
            "name": "Armenian"
        },
        "flag": "Images/w40-webp/am.webp"
    },
    {
        "name": "Aruba",
        "code": "AW",
        "capital": "Oranjestad",
        "region": "SA",
        "currency": {
            "code": "AWG",
            "name": "Aruban florin",
            "symbol": "ƒ"
        },
        "language": {
            "code": "nl",
            "name": "Dutch"
        },
        "flag": "Images/w40-webp/aw.webp"
    },
    {
        "name": "Australia",
        "code": "AU",
        "capital": "Canberra",
        "region": "OC",
        "currency": {
            "code": "AUD",
            "name": "Australian dollar",
            "symbol": "$"
        },
        "language": {
            "code": "en",
            "name": "English"
        },
        "flag": "Images/w40-webp/au.webp"
    },
    {
        "name": "Austria",
        "code": "AT",
        "capital": "Vienna",
        "region": "EU",
        "currency": {
            "code": "EUR",
            "name": "Euro",
            "symbol": "€"
        },
        "language": {
            "code": "de",
            "name": "German"
        },
        "flag": "Images/w40-webp/at.webp"
    },
    {
        "name": "Azerbaijan",
        "code": "AZ",
        "capital": "Baku",
        "region": "AS",
        "currency": {
            "code": "AZN",
            "name": "Azerbaijani manat",
            "symbol": null
        },
        "language": {
            "code": "az",
            "name": "Azerbaijani"
        },
        "flag": "Images/w40-webp/az.webp"
    },
    {
        "name": "Bahamas",
        "code": "BS",
        "capital": "Nassau",
        "region": "NA",
        "currency": {
            "code": "BSD",
            "name": "Bahamian dollar",
            "symbol": "$"
        },
        "language": {
            "code": "en",
            "name": "English"
        },
        "flag": "Images/w40-webp/bs.webp"
    },
    {
        "name": "Bahrain",
        "code": "BH",
        "capital": "Manama",
        "region": "AS",
        "currency": {
            "code": "BHD",
            "name": "Bahraini dinar",
            "symbol": ".د.ب"
        },
        "language": {
            "code": "ar",
            "name": "Arabic"
        },
        "flag": "Images/w40-webp/bh.webp"
    },
    {
        "name": "Bangladesh",
        "code": "BD",
        "capital": "Dhaka",
        "region": "AS",
        "currency": {
            "code": "BDT",
            "name": "Bangladeshi taka",
            "symbol": "৳"
        },
        "language": {
            "code": "bn",
            "name": "Bengali"
        },
        "flag": "Images/w40-webp/bd.webp"
    },
    {
        "name": "Barbados",
        "code": "BB",
        "capital": "Bridgetown",
        "region": "NA",
        "currency": {
            "code": "BBD",
            "name": "Barbadian dollar",
            "symbol": "$"
        },
        "language": {
            "code": "en",
            "name": "English"
        },
        "flag": "Images/w40-webp/bb.webp"
    },
    {
        "name": "Belarus",
        "code": "BY",
        "capital": "Minsk",
        "region": "EU",
        "currency": {
            "code": "BYN",
            "name": "New Belarusian ruble",
            "symbol": "Br"
        },
        "language": {
            "code": "be",
            "name": "Belarusian"
        },
        "flag": "Images/w40-webp/by.webp"
    },
    {
        "name": "Belgium",
        "code": "BE",
        "capital": "Brussels",
        "region": "EU",
        "currency": {
            "code": "EUR",
            "name": "Euro",
            "symbol": "€"
        },
        "language": {
            "code": "nl",
            "name": "Dutch"
        },
        "flag": "Images/w40-webp/be.webp"
    },
    {
        "name": "Belize",
        "code": "BZ",
        "capital": "Belmopan",
        "region": "NA",
        "currency": {
            "code": "BZD",
            "name": "Belize dollar",
            "symbol": "$"
        },
        "language": {
            "code": "en",
            "name": "English"
        },
        "flag": "Images/w40-webp/bz.webp"
    },
    {
        "name": "Benin",
        "code": "BJ",
        "capital": "Porto-Novo",
        "region": "AF",
        "currency": {
            "code": "XOF",
            "name": "West African CFA franc",
            "symbol": "Fr"
        },
        "language": {
            "code": "fr",
            "name": "French"
        },
        "flag": "Images/w40-webp/bj.webp"
    },
    {
        "name": "Bermuda",
        "code": "BM",
        "capital": "Hamilton",
        "region": "NA",
        "currency": {
            "code": "BMD",
            "name": "Bermudian dollar",
            "symbol": "$"
        },
        "language": {
            "code": "en",
            "name": "English"
        },
        "flag": "Images/w40-webp/bm.webp"
    },
    {
        "name": "Bhutan",
        "code": "BT",
        "capital": "Thimphu",
        "region": "AS",
        "currency": {
            "code": "BTN",
            "name": "Bhutanese ngultrum",
            "symbol": "Nu."
        },
        "language": {
            "code": "dz",
            "name": "Dzongkha"
        },
        "flag": "Images/w40-webp/bt.webp"
    },
    {
        "name": "Bolivia (Plurinational State of)",
        "code": "BO",
        "capital": "Sucre",
        "region": "SA",
        "currency": {
            "code": "BOB",
            "name": "Bolivian boliviano",
            "symbol": "Bs."
        },
        "language": {
            "code": "es",
            "name": "Spanish"
        },
        "flag": "Images/w40-webp/bo.webp"
    },
    {
        "name": "Bonaire, Sint Eustatius and Saba",
        "code": "BQ",
        "capital": "Kralendijk",
        "region": "SA",
        "currency": {
            "code": "USD",
            "name": "United States dollar",
            "symbol": "$"
        },
        "language": {
            "code": "nl",
            "name": "Dutch"
        },
        "flag": "Images/w40-webp/bq.webp"
    },
    {
        "name": "Bosnia and Herzegovina",
        "code": "BA",
        "capital": "Sarajevo",
        "region": "EU",
        "currency": {
            "code": "BAM",
            "name": "Bosnia and Herzegovina convertible mark",
            "symbol": null
        },
        "language": {
            "code": "bs",
            "name": "Bosnian"
        },
        "flag": "Images/w40-webp/ba.webp"
    },
    {
        "name": "Botswana",
        "code": "BW",
        "capital": "Gaborone",
        "region": "AF",
        "currency": {
            "code": "BWP",
            "name": "Botswana pula",
            "symbol": "P"
        },
        "language": {
            "code": "en",
            "name": "English"
        },
        "flag": "Images/w40-webp/bw.webp"
    },
    {
        "name": "Bouvet Island",
        "code": "BV",
        "capital": "",
        "region": "AN",
        "currency": {
            "code": "NOK",
            "name": "Norwegian krone",
            "symbol": "kr"
        },
        "language": {
            "code": "no",
            "name": "Norwegian"
        },
        "flag": "Images/w40-webp/bv.webp"
    },
    {
        "name": "Brazil",
        "code": "BR",
        "capital": "Brasília",
        "region": "SA",
        "currency": {
            "code": "BRL",
            "name": "Brazilian real",
            "symbol": "R$"
        },
        "language": {
            "code": "pt",
            "name": "Portuguese"
        },
        "flag": "Images/w40-webp/br.webp"
    },
    {
        "name": "British Indian Ocean Territory",
        "code": "IO",
        "capital": "Diego Garcia",
        "region": "AF",
        "currency": {
            "code": "USD",
            "name": "United States dollar",
            "symbol": "$"
        },
        "language": {
            "code": "en",
            "name": "English"
        },
        "flag": "Images/w40-webp/io.webp"
    },
    {
        "name": "United States Minor Outlying Islands",
        "code": "UM",
        "capital": "",
        "region": "NA",
        "currency": {
            "code": "USD",
            "name": "United States Dollar",
            "symbol": "$"
        },
        "language": {
            "code": "en",
            "name": "English"
        },
        "flag": "Images/w40-webp/um.webp"
    },
    {
        "name": "Virgin Islands (British)",
        "code": "VG",
        "capital": "Road Town",
        "region": "NA",
        "currency": {
            "code": "USD",
            "name": "United States dollar",
            "symbol": "$"
        },
        "language": {
            "code": "en",
            "name": "English"
        },
        "flag": "Images/w40-webp/vg.webp"
    },
    {
        "name": "Virgin Islands (U.S.)",
        "code": "VI",
        "capital": "Charlotte Amalie",
        "region": "NA",
        "currency": {
            "code": "USD",
            "name": "United States dollar",
            "symbol": "$"
        },
        "language": {
            "code": "en",
            "name": "English"
        },
        "flag": "Images/w40-webp/vi.webp"
    },
    {
        "name": "Brunei Darussalam",
        "code": "BN",
        "capital": "Bandar Seri Begawan",
        "region": "AS",
        "currency": {
            "code": "BND",
            "name": "Brunei dollar",
            "symbol": "$"
        },
        "language": {
            "code": "ms",
            "name": "Malay"
        },
        "flag": "Images/w40-webp/bn.webp"
    },
    {
        "name": "Bulgaria",
        "code": "BG",
        "capital": "Sofia",
        "region": "EU",
        "currency": {
            "code": "BGN",
            "name": "Bulgarian lev",
            "symbol": "лв"
        },
        "language": {
            "code": "bg",
            "name": "Bulgarian"
        },
        "flag": "Images/w40-webp/bg.webp"
    },
    {
        "name": "Burkina Faso",
        "code": "BF",
        "capital": "Ouagadougou",
        "region": "AF",
        "currency": {
            "code": "XOF",
            "name": "West African CFA franc",
            "symbol": "Fr"
        },
        "language": {
            "code": "fr",
            "name": "French"
        },
        "flag": "Images/w40-webp/bf.webp"
    },
    {
        "name": "Burundi",
        "code": "BI",
        "capital": "Bujumbura",
        "region": "AF",
        "currency": {
            "code": "BIF",
            "name": "Burundian franc",
            "symbol": "Fr"
        },
        "language": {
            "code": "fr",
            "name": "French"
        },
        "flag": "Images/w40-webp/bi.webp"
    },
    {
        "name": "Cambodia",
        "code": "KH",
        "capital": "Phnom Penh",
        "region": "AS",
        "currency": {
            "code": "KHR",
            "name": "Cambodian riel",
            "symbol": "៛"
        },
        "language": {
            "code": "km",
            "name": "Khmer"
        },
        "flag": "Images/w40-webp/kh.webp"
    },
    {
        "name": "Cameroon",
        "code": "CM",
        "capital": "Yaoundé",
        "region": "AF",
        "currency": {
            "code": "XAF",
            "name": "Central African CFA franc",
            "symbol": "Fr"
        },
        "language": {
            "code": "en",
            "name": "English"
        },
        "flag": "Images/w40-webp/cm.webp"
    },
    {
        "name": "Canada",
        "code": "CA",
        "capital": "Ottawa",
        "region": "NA",
        "currency": {
            "code": "CAD",
            "name": "Canadian dollar",
            "symbol": "$"
        },
        "language": {
            "code": "en",
            "name": "English"
        },
        "flag": "Images/w40-webp/ca.webp"
    },
    {
        "name": "Cabo Verde",
        "code": "CV",
        "capital": "Praia",
        "region": "AF",
        "currency": {
            "code": "CVE",
            "name": "Cape Verdean escudo",
            "symbol": "Esc"
        },
        "language": {
            "code": "pt",
            "iso639_2": "por",
            "name": "Portuguese",
            "nativeName": "Português"
        },
        "flag": "Images/w40-webp/cv.webp"
    },
    {
        "name": "Cayman Islands",
        "code": "KY",
        "capital": "George Town",
        "region": "NA",
        "demonym": "Caymanian",
        "currency": {
            "code": "KYD",
            "name": "Cayman Islands dollar",
            "symbol": "$"
        },
        "language": {
            "code": "en",
            "name": "English"
        },
        "flag": "Images/w40-webp/ky.webp"
    },
    {
        "name": "Central African Republic",
        "code": "CF",
        "capital": "Bangui",
        "region": "AF",
        "currency": {
            "code": "XAF",
            "name": "Central African CFA franc",
            "symbol": "Fr"
        },
        "language": {
            "code": "fr",
            "name": "French"
        },
        "flag": "Images/w40-webp/cf.webp"
    },
    {
        "name": "Chad",
        "code": "TD",
        "capital": "N'Djamena",
        "region": "AF",
        "currency": {
            "code": "XAF",
            "name": "Central African CFA franc",
            "symbol": "Fr"
        },
        "language": {
            "code": "fr",
            "name": "French"
        },
        "flag": "Images/w40-webp/td.webp"
    },
    {
        "name": "Chile",
        "code": "CL",
        "capital": "Santiago",
        "region": "SA",
        "currency": {
            "code": "CLP",
            "name": "Chilean peso",
            "symbol": "$"
        },
        "language": {
            "code": "es",
            "iso639_2": "spa",
            "name": "Spanish",
            "nativeName": "Español"
        },
        "flag": "Images/w40-webp/cl.webp"
    },
    {
        "name": "China",
        "code": "CN",
        "capital": "Beijing",
        "region": "AS",
        "currency": {
            "code": "CNY",
            "name": "Chinese yuan",
            "symbol": "¥"
        },
        "language": {
            "code": "zh",
            "name": "Chinese"
        },
        "flag": "Images/w40-webp/cn.webp"
    },
    {
        "name": "Christmas Island",
        "code": "CX",
        "capital": "Flying Fish Cove",
        "region": "OC",
        "currency": {
            "code": "AUD",
            "name": "Australian dollar",
            "symbol": "$"
        },
        "language": {
            "code": "en",
            "name": "English"
        },
        "flag": "Images/w40-webp/cx.webp"
    },
    {
        "name": "Cocos (Keeling) Islands",
        "code": "CC",
        "capital": "West Island",
        "region": "OC",
        "currency": {
            "code": "AUD",
            "name": "Australian dollar",
            "symbol": "$"
        },
        "language": {
            "code": "en",
            "name": "English"
        },
        "flag": "Images/w40-webp/cc.webp"
    },
    {
        "name": "Colombia",
        "code": "CO",
        "capital": "Bogotá",
        "region": "SA",
        "currency": {
            "code": "COP",
            "name": "Colombian peso",
            "symbol": "$"
        },
        "language": {
            "code": "es",
            "name": "Spanish"
        },
        "flag": "Images/w40-webp/co.webp"
    },
    {
        "name": "Comoros",
        "code": "KM",
        "capital": "Moroni",
        "region": "AF",
        "currency": {
            "code": "KMF",
            "name": "Comorian franc",
            "symbol": "Fr"
        },
        "language": {
            "code": "fr",
            "name": "French"
        },
        "flag": "Images/w40-webp/km.webp"
    },
    {
        "name": "Congo",
        "code": "CG",
        "capital": "Brazzaville",
        "region": "AF",
        "currency": {
            "code": "XAF",
            "name": "Central African CFA franc",
            "symbol": "Fr"
        },
        "language": {
            "code": "fr",
            "name": "French"
        },
        "flag": "Images/w40-webp/cg.webp"
    },
    {
        "name": "Congo (Democratic Republic of the)",
        "code": "CD",
        "capital": "Kinshasa",
        "region": "AF",
        "currency": {
            "code": "CDF",
            "name": "Congolese franc",
            "symbol": "Fr"
        },
        "language": {
            "code": "fr",
            "name": "French"
        },
        "flag": "Images/w40-webp/cd.webp"
    },
    {
        "name": "Cook Islands",
        "code": "CK",
        "capital": "Avarua",
        "region": "OC",
        "currency": {
            "code": "NZD",
            "name": "New Zealand dollar",
            "symbol": "$"
        },
        "language": {
            "code": "en",
            "name": "English"
        },
        "flag": "Images/w40-webp/ck.webp"
    },
    {
        "name": "Costa Rica",
        "code": "CR",
        "capital": "San José",
        "region": "NA",
        "currency": {
            "code": "CRC",
            "name": "Costa Rican colón",
            "symbol": "₡"
        },
        "language": {
            "code": "es",
            "name": "Spanish"
        },
        "flag": "Images/w40-webp/cr.webp"
    },
    {
        "name": "Croatia",
        "code": "HR",
        "capital": "Zagreb",
        "region": "EU",
        "currency": {
            "code": "HRK",
            "name": "Croatian kuna",
            "symbol": "kn"
        },
        "language": {
            "code": "hr",
            "name": "Croatian"
        },
        "flag": "Images/w40-webp/hr.webp"
    },
    {
        "name": "Cuba",
        "code": "CU",
        "capital": "Havana",
        "region": "NA",
        "currency": {
            "code": "CUC",
            "name": "Cuban convertible peso",
            "symbol": "$"
        },
        "language": {
            "code": "es",
            "name": "Spanish"
        },
        "flag": "Images/w40-webp/cu.webp"
    },
    {
        "name": "Curaçao",
        "code": "CW",
        "capital": "Willemstad",
        "region": "SA",
        "currency": {
            "code": "ANG",
            "name": "Netherlands Antillean guilder",
            "symbol": "ƒ"
        },
        "language": {
            "code": "nl",
            "name": "Dutch"
        },
        "flag": "Images/w40-webp/cw.webp"
    },
    {
        "name": "Cyprus",
        "code": "CY",
        "capital": "Nicosia",
        "region": "EU",
        "currency": {
            "code": "EUR",
            "name": "Euro",
            "symbol": "€"
        },
        "language": {
            "code": "tr",
            "name": "Turkish"
        },
        "flag": "Images/w40-webp/cy.webp"
    },
    {
        "name": "Czech Republic",
        "code": "CZ",
        "capital": "Prague",
        "region": "EU",
        "currency": {
            "code": "CZK",
            "name": "Czech koruna",
            "symbol": "Kč"
        },
        "language": {
            "code": "cs",
            "name": "Czech"
        },
        "flag": "Images/w40-webp/cz.webp"
    },
    {
        "name": "Denmark",
        "code": "DK",
        "capital": "Copenhagen",
        "region": "EU",
        "currency": {
            "code": "DKK",
            "name": "Danish krone",
            "symbol": "kr"
        },
        "language": {
            "code": "da",
            "name": "Danish"
        },
        "flag": "Images/w40-webp/dk.webp"
    },
    {
        "name": "Djibouti",
        "code": "DJ",
        "capital": "Djibouti",
        "region": "AF",
        "currency": {
            "code": "DJF",
            "name": "Djiboutian franc",
            "symbol": "Fr"
        },
        "language": {
            "code": "fr",
            "name": "French"
        },
        "flag": "Images/w40-webp/dj.webp"
    },
    {
        "name": "Dominica",
        "code": "DM",
        "capital": "Roseau",
        "region": "NA",
        "currency": {
            "code": "XCD",
            "name": "East Caribbean dollar",
            "symbol": "$"
        },
        "language": {
            "code": "en",
            "name": "English"
        },
        "flag": "Images/w40-webp/dm.webp"
    },
    {
        "name": "Dominican Republic",
        "code": "DO",
        "capital": "Santo Domingo",
        "region": "NA",
        "currency": {
            "code": "DOP",
            "name": "Dominican peso",
            "symbol": "$"
        },
        "language": {
            "code": "es",
            "name": "Spanish"
        },
        "flag": "Images/w40-webp/do.webp"
    },
    {
        "name": "Ecuador",
        "code": "EC",
        "capital": "Quito",
        "region": "SA",
        "currency": {
            "code": "USD",
            "name": "United States dollar",
            "symbol": "$"
        },
        "language": {
            "code": "es",
            "name": "Spanish"
        },
        "flag": "Images/w40-webp/ec.webp"
    },
    {
        "name": "Egypt",
        "code": "EG",
        "capital": "Cairo",
        "region": "AF",
        "currency": {
            "code": "EGP",
            "name": "Egyptian pound",
            "symbol": "£"
        },
        "language": {
            "code": "ar",
            "name": "Arabic"
        },
        "flag": "Images/w40-webp/eg.webp"
    },
    {
        "name": "El Salvador",
        "code": "SV",
        "capital": "San Salvador",
        "region": "NA",
        "currency": {
            "code": "USD",
            "name": "United States dollar",
            "symbol": "$"
        },
        "language": {
            "code": "es",
            "name": "Spanish"
        },
        "flag": "Images/w40-webp/sv.webp"
    },
    {
        "name": "Equatorial Guinea",
        "code": "GQ",
        "capital": "Malabo",
        "region": "AF",
        "currency": {
            "code": "XAF",
            "name": "Central African CFA franc",
            "symbol": "Fr"
        },
        "language": {
            "code": "es",
            "iso639_2": "spa",
            "name": "Spanish",
            "nativeName": "Español"
        },
        "flag": "Images/w40-webp/gq.webp"
    },
    {
        "name": "Eritrea",
        "code": "ER",
        "capital": "Asmara",
        "region": "AF",
        "currency": {
            "code": "ERN",
            "name": "Eritrean nakfa",
            "symbol": "Nfk"
        },
        "language": {
            "code": "en",
            "name": "English"
        },
        "flag": "Images/w40-webp/er.webp"
    },
    {
        "name": "Estonia",
        "code": "EE",
        "capital": "Tallinn",
        "region": "EU",
        "currency": {
            "code": "EUR",
            "name": "Euro",
            "symbol": "€"
        },
        "language": {
            "code": "et",
            "name": "Estonian"
        },
        "flag": "Images/w40-webp/ee.webp"
    },
    {
        "name": "Ethiopia",
        "code": "ET",
        "capital": "Addis Ababa",
        "region": "AF",
        "currency": {
            "code": "ETB",
            "name": "Ethiopian birr",
            "symbol": "Br"
        },
        "language": {
            "code": "am",
            "name": "Amharic"
        },
        "flag": "Images/w40-webp/et.webp"
    },
    {
        "name": "Falkland Islands (Malvinas)",
        "code": "FK",
        "capital": "Stanley",
        "region": "SA",
        "currency": {
            "code": "FKP",
            "name": "Falkland Islands pound",
            "symbol": "£"
        },
        "language": {
            "code": "en",
            "name": "English"
        },
        "flag": "Images/w40-webp/fk.webp"
    },
    {
        "name": "Faroe Islands",
        "code": "FO",
        "capital": "Tórshavn",
        "region": "EU",
        "currency": {
            "code": "DKK",
            "name": "Danish krone",
            "symbol": "kr"
        },
        "language": {
            "code": "fo",
            "name": "Faroese"
        },
        "flag": "Images/w40-webp/fo.webp"
    },
    {
        "name": "Fiji",
        "code": "FJ",
        "capital": "Suva",
        "region": "OC",
        "currency": {
            "code": "FJD",
            "name": "Fijian dollar",
            "symbol": "$"
        },
        "language": {
            "code": "en",
            "name": "English"
        },
        "flag": "Images/w40-webp/fj.webp"
    },
    {
        "name": "Finland",
        "code": "FI",
        "capital": "Helsinki",
        "region": "EU",
        "currency": {
            "code": "EUR",
            "name": "Euro",
            "symbol": "€"
        },
        "language": {
            "code": "fi",
            "iso639_2": "fin",
            "name": "Finnish",
            "nativeName": "suomi"
        },
        "flag": "Images/w40-webp/fi.webp"
    },
    {
        "name": "France",
        "code": "FR",
        "capital": "Paris",
        "region": "EU",
        "demonym": "French",
        "currency": {
            "code": "EUR",
            "name": "Euro",
            "symbol": "€"
        },
        "language": {
            "code": "fr",
            "name": "French"
        },
        "flag": "Images/w40-webp/fr.webp"
    },
    {
        "name": "French Guiana",
        "code": "GF",
        "capital": "Cayenne",
        "region": "SA",
        "currency": {
            "code": "EUR",
            "name": "Euro",
            "symbol": "€"
        },
        "language": {
            "code": "fr",
            "name": "French"
        },
        "flag": "Images/w40-webp/gf.webp"
    },
    {
        "name": "French Polynesia",
        "code": "PF",
        "capital": "Papeetē",
        "region": "OC",
        "currency": {
            "code": "XPF",
            "name": "CFP franc",
            "symbol": "Fr"
        },
        "language": {
            "code": "fr",
            "name": "French"
        },
        "flag": "Images/w40-webp/pf.webp"
    },
    {
        "name": "French Southern Territories",
        "code": "TF",
        "capital": "Port-aux-Français",
        "region": "AF",
        "currency": {
            "code": "EUR",
            "name": "Euro",
            "symbol": "€"
        },
        "language": {
            "code": "fr",
            "name": "French"
        },
        "flag": "Images/w40-webp/tf.webp"
    },
    {
        "name": "Gabon",
        "code": "GA",
        "capital": "Libreville",
        "region": "AF",
        "currency": {
            "code": "XAF",
            "name": "Central African CFA franc",
            "symbol": "Fr"
        },
        "language": {
            "code": "fr",
            "name": "French"
        },
        "flag": "Images/w40-webp/ga.webp"
    },
    {
        "name": "Gambia",
        "code": "GM",
        "capital": "Banjul",
        "region": "AF",
        "currency": {
            "code": "GMD",
            "name": "Gambian dalasi",
            "symbol": "D"
        },
        "language": {
            "code": "en",
            "name": "English"
        },
        "flag": "Images/w40-webp/gm.webp"
    },
    {
        "name": "Georgia",
        "code": "GE",
        "capital": "Tbilisi",
        "region": "AS",
        "currency": {
            "code": "GEL",
            "name": "Georgian Lari",
            "symbol": "ლ"
        },
        "language": {
            "code": "ka",
            "name": "Georgian"
        },
        "flag": "Images/w40-webp/ge.webp"
    },
    {
        "name": "Germany",
        "code": "DE",
        "capital": "Berlin",
        "region": "EU",
        "currency": {
            "code": "EUR",
            "name": "Euro",
            "symbol": "€"
        },
        "language": {
            "code": "de",
            "name": "German"
        },
        "flag": "Images/w40-webp/de.webp"
    },
    {
        "name": "Ghana",
        "code": "GH",
        "capital": "Accra",
        "region": "AF",
        "currency": {
            "code": "GHS",
            "name": "Ghanaian cedi",
            "symbol": "₵"
        },
        "language": {
            "code": "en",
            "name": "English"
        },
        "flag": "Images/w40-webp/gh.webp"
    },
    {
        "name": "Gibraltar",
        "code": "GI",
        "capital": "Gibraltar",
        "region": "EU",
        "currency": {
            "code": "GIP",
            "name": "Gibraltar pound",
            "symbol": "£"
        },
        "language": {
            "code": "en",
            "name": "English"
        },
        "flag": "Images/w40-webp/gi.webp"
    },
    {
        "name": "Greece",
        "code": "GR",
        "capital": "Athens",
        "region": "EU",
        "currency": {
            "code": "EUR",
            "name": "Euro",
            "symbol": "€"
        },
        "language": {
            "code": "el",
            "name": "Greek (modern)"
        },
        "flag": "Images/w40-webp/gr.webp"
    },
    {
        "name": "Greenland",
        "code": "GL",
        "capital": "Nuuk",
        "region": "NA",
        "currency": {
            "code": "DKK",
            "name": "Danish krone",
            "symbol": "kr"
        },
        "language": {
            "code": "kl",
            "name": "Kalaallisut"
        },
        "flag": "Images/w40-webp/gl.webp"
    },
    {
        "name": "Grenada",
        "code": "GD",
        "capital": "St. George's",
        "region": "NA",
        "currency": {
            "code": "XCD",
            "name": "East Caribbean dollar",
            "symbol": "$"
        },
        "language": {
            "code": "en",
            "name": "English"
        },
        "flag": "Images/w40-webp/gd.webp"
    },
    {
        "name": "Guadeloupe",
        "code": "GP",
        "capital": "Basse-Terre",
        "region": "NA",
        "currency": {
            "code": "EUR",
            "name": "Euro",
            "symbol": "€"
        },
        "language": {
            "code": "fr",
            "name": "French"
        },
        "flag": "Images/w40-webp/gp.webp"
    },
    {
        "name": "Guam",
        "code": "GU",
        "capital": "Hagåtña",
        "region": "OC",
        "currency": {
            "code": "USD",
            "name": "United States dollar",
            "symbol": "$"
        },
        "language": {
            "code": "en",
            "name": "English"
        },
        "flag": "Images/w40-webp/gu.webp"
    },
    {
        "name": "Guatemala",
        "code": "GT",
        "capital": "Guatemala City",
        "region": "NA",
        "currency": {
            "code": "GTQ",
            "name": "Guatemalan quetzal",
            "symbol": "Q"
        },
        "language": {
            "code": "es",
            "name": "Spanish"
        },
        "flag": "Images/w40-webp/gt.webp"
    },
    {
        "name": "Guernsey",
        "code": "GG",
        "capital": "St. Peter Port",
        "region": "EU",
        "currency": {
            "code": "GBP",
            "name": "British pound",
            "symbol": "£"
        },
        "language": {
            "code": "en",
            "name": "English"
        },
        "flag": "Images/w40-webp/gg.webp"
    },
    {
        "name": "Guinea",
        "code": "GN",
        "capital": "Conakry",
        "region": "AF",
        "currency": {
            "code": "GNF",
            "name": "Guinean franc",
            "symbol": "Fr"
        },
        "language": {
            "code": "fr",
            "name": "French"
        },
        "flag": "Images/w40-webp/gn.webp"
    },
    {
        "name": "Guinea-Bissau",
        "code": "GW",
        "capital": "Bissau",
        "region": "AF",
        "currency": {
            "code": "XOF",
            "name": "West African CFA franc",
            "symbol": "Fr"
        },
        "language": {
            "code": "pt",
            "name": "Portuguese"
        },
        "flag": "Images/w40-webp/gw.webp"
    },
    {
        "name": "Guyana",
        "code": "GY",
        "capital": "Georgetown",
        "region": "SA",
        "currency": {
            "code": "GYD",
            "name": "Guyanese dollar",
            "symbol": "$"
        },
        "language": {
            "code": "en",
            "name": "English"
        },
        "flag": "Images/w40-webp/gy.webp"
    },
    {
        "name": "Haiti",
        "code": "HT",
        "capital": "Port-au-Prince",
        "region": "Americas",
        "currency": {
            "code": "HTG",
            "name": "Haitian gourde",
            "symbol": "G"
        },
        "language": {
            "code": "fr",
            "name": "French"
        },
        "flag": "Images/w40-webp/ht.webp"
    },
    {
        "name": "Heard Island and McDonald Islands",
        "code": "HM",
        "capital": "",
        "region": "",
        "currency": {
            "code": "AUD",
            "name": "Australian dollar",
            "symbol": "$"
        },
        "language": {
            "code": "en",
            "name": "English"
        },
        "flag": "Images/w40-webp/hm.webp"
    },
    {
        "name": "Holy See",
        "code": "VA",
        "capital": "Rome",
        "region": "EU",
        "currency": {
            "code": "EUR",
            "name": "Euro",
            "symbol": "€"
        },
        "language": {
            "code": "fr",
            "name": "French"
        },
        "flag": "Images/w40-webp/va.webp"
    },
    {
        "name": "Honduras",
        "code": "HN",
        "capital": "Tegucigalpa",
        "region": "NA",
        "currency": {
            "code": "HNL",
            "name": "Honduran lempira",
            "symbol": "L"
        },
        "language": {
            "code": "es",
            "name": "Spanish"
        },
        "flag": "Images/w40-webp/hn.webp"
    },
    {
        "name": "Hong Kong",
        "code": "HK",
        "capital": "City of Victoria",
        "region": "AS",
        "currency": {
            "code": "HKD",
            "name": "Hong Kong dollar",
            "symbol": "$"
        },
        "language": {
            "code": "en",
            "name": "English"
        },
        "flag": "Images/w40-webp/hk.webp"
    },
    {
        "name": "Hungary",
        "code": "HU",
        "capital": "Budapest",
        "region": "EU",
        "currency": {
            "code": "HUF",
            "name": "Hungarian forint",
            "symbol": "Ft"
        },
        "language": {
            "code": "hu",
            "name": "Hungarian"
        },
        "flag": "Images/w40-webp/hu.webp"
    },
    {
        "name": "Iceland",
        "code": "IS",
        "capital": "Reykjavík",
        "region": "EU",
        "currency": {
            "code": "ISK",
            "name": "Icelandic króna",
            "symbol": "kr"
        },
        "language": {
            "code": "is",
            "name": "Icelandic"
        },
        "flag": "Images/w40-webp/is.webp"
    },
    {
        "name": "India",
        "code": "IN",
        "capital": "New Delhi",
        "region": "AS",
        "currency": {
            "code": "INR",
            "name": "Indian rupee",
            "symbol": "₹"
        },
        "language": {
            "code": "hi",
            "name": "Hindi"
        },
        "flag": "Images/w40-webp/in.webp"
    },
    {
        "name": "Indonesia",
        "code": "ID",
        "capital": "Jakarta",
        "region": "AS",
        "currency": {
            "code": "IDR",
            "name": "Indonesian rupiah",
            "symbol": "Rp"
        },
        "language": {
            "code": "id",
            "name": "Indonesian"
        },
        "flag": "Images/w40-webp/id.webp"
    },
    {
        "name": "Côte d'Ivoire",
        "code": "CI",
        "capital": "Yamoussoukro",
        "region": "AF",
        "currency": {
            "code": "XOF",
            "name": "West African CFA franc",
            "symbol": "Fr"
        },
        "language": {
            "code": "fr",
            "name": "French"
        },
        "flag": "Images/w40-webp/ci.webp"
    },
    {
        "name": "Iran (Islamic Republic of)",
        "code": "IR",
        "capital": "Tehran",
        "region": "AS",
        "currency": {
            "code": "IRR",
            "name": "Iranian rial",
            "symbol": "﷼"
        },
        "language": {
            "code": "fa",
            "name": "Persian (Farsi)"
        },
        "flag": "Images/w40-webp/ir.webp"
    },
    {
        "name": "Iraq",
        "code": "IQ",
        "capital": "Baghdad",
        "region": "AS",
        "currency": {
            "code": "IQD",
            "name": "Iraqi dinar",
            "symbol": "ع.د"
        },
        "language": {
            "code": "ar",
            "name": "Arabic"
        },
        "flag": "Images/w40-webp/iq.webp"
    },
    {
        "name": "Ireland",
        "code": "IE",
        "capital": "Dublin",
        "region": "EU",
        "currency": {
            "code": "EUR",
            "name": "Euro",
            "symbol": "€"
        },
        "language": {
            "code": "ga",
            "name": "Irish"
        },
        "flag": "Images/w40-webp/ie.webp"
    },
    {
        "name": "Isle of Man",
        "code": "IM",
        "capital": "Douglas",
        "region": "EU",
        "currency": {
            "code": "GBP",
            "name": "British pound",
            "symbol": "£"
        },
        "language": {
            "code": "en",
            "name": "English"
        },
        "flag": "Images/w40-webp/im.webp"
    },
    {
        "name": "Israel",
        "code": "IL",
        "capital": "Jerusalem",
        "region": "AS",
        "currency": {
            "code": "ILS",
            "name": "Israeli new shekel",
            "symbol": "₪"
        },
        "language": {
            "code": "he",
            "name": "Hebrew (modern)"
        },
        "flag": "Images/w40-webp/il.webp"
    },
    {
        "name": "Italy",
        "code": "IT",
        "capital": "Rome",
        "region": "EU",
        "currency": {
            "code": "EUR",
            "name": "Euro",
            "symbol": "€"
        },
        "language": {
            "code": "it",
            "name": "Italian"
        },
        "flag": "Images/w40-webp/it.webp"
    },
    {
        "name": "Jamaica",
        "code": "JM",
        "capital": "Kingston",
        "region": "NA",
        "currency": {
            "code": "JMD",
            "name": "Jamaican dollar",
            "symbol": "$"
        },
        "language": {
            "code": "en",
            "name": "English"
        },
        "flag": "Images/w40-webp/jm.webp"
    },
    {
        "name": "Japan",
        "code": "JP",
        "capital": "Tokyo",
        "region": "AS",
        "currency": {
            "code": "JPY",
            "name": "Japanese yen",
            "symbol": "¥"
        },
        "language": {
            "code": "ja",
            "name": "Japanese"
        },
        "flag": "Images/w40-webp/jp.webp"
    },
    {
        "name": "Jersey",
        "code": "JE",
        "capital": "Saint Helier",
        "region": "EU",
        "currency": {
            "code": "GBP",
            "name": "British pound",
            "symbol": "£"
        },
        "language": {
            "code": "en",
            "iso639_2": "eng",
            "name": "English",
            "nativeName": "English"
        },
        "flag": "Images/w40-webp/je.webp"
    },
    {
        "name": "Jordan",
        "code": "JO",
        "capital": "Amman",
        "region": "AS",
        "currency": {
            "code": "JOD",
            "name": "Jordanian dinar",
            "symbol": "د.ا"
        },
        "language": {
            "code": "ar",
            "name": "Arabic"
        },
        "flag": "Images/w40-webp/jo.webp"
    },
    {
        "name": "Kazakhstan",
        "code": "KZ",
        "capital": "Astana",
        "region": "AS",
        "currency": {
            "code": "KZT",
            "name": "Kazakhstani tenge",
            "symbol": null
        },
        "language": {
            "code": "kk",
            "name": "Kazakh"
        },
        "flag": "Images/w40-webp/kz.webp"
    },
    {
        "name": "Kenya",
        "code": "KE",
        "capital": "Nairobi",
        "region": "AF",
        "currency": {
            "code": "KES",
            "name": "Kenyan shilling",
            "symbol": "Sh"
        },
        "language": {
            "code": "en",
            "name": "English"
        },
        "flag": "Images/w40-webp/ke.webp"
    },
    {
        "name": "Kiribati",
        "code": "KI",
        "capital": "South Tarawa",
        "region": "OC",
        "currency": {
            "code": "AUD",
            "name": "Australian dollar",
            "symbol": "$"
        },
        "language": {
            "code": "en",
            "name": "English"
        },
        "flag": "Images/w40-webp/ki.webp"
    },
    {
        "name": "Kuwait",
        "code": "KW",
        "capital": "Kuwait City",
        "region": "AS",
        "currency": {
            "code": "KWD",
            "name": "Kuwaiti dinar",
            "symbol": "د.ك"
        },
        "language": {
            "code": "ar",
            "name": "Arabic"
        },
        "flag": "Images/w40-webp/kw.webp"
    },
    {
        "name": "Kyrgyzstan",
        "code": "KG",
        "capital": "Bishkek",
        "region": "AS",
        "currency": {
            "code": "KGS",
            "name": "Kyrgyzstani som",
            "symbol": "с"
        },
        "language": {
            "code": "ky",
            "name": "Kyrgyz"
        },
        "flag": "Images/w40-webp/kg.webp"
    },
    {
        "name": "Lao People's Democratic Republic",
        "code": "LA",
        "capital": "Vientiane",
        "region": "AS",
        "currency": {
            "code": "LAK",
            "name": "Lao kip",
            "symbol": "₭"
        },
        "language": {
            "code": "lo",
            "name": "Lao"
        },
        "flag": "Images/w40-webp/la.webp"
    },
    {
        "name": "Latvia",
        "code": "LV",
        "capital": "Riga",
        "region": "EU",
        "currency": {
            "code": "EUR",
            "name": "Euro",
            "symbol": "€"
        },
        "language": {
            "code": "lv",
            "name": "Latvian"
        },
        "flag": "Images/w40-webp/lv.webp"
    },
    {
        "name": "Lebanon",
        "code": "LB",
        "capital": "Beirut",
        "region": "AS",
        "currency": {
            "code": "LBP",
            "name": "Lebanese pound",
            "symbol": "ل.ل"
        },
        "language": {
            "code": "ar",
            "name": "Arabic"
        },
        "flag": "Images/w40-webp/lb.webp"
    },
    {
        "name": "Lesotho",
        "code": "LS",
        "capital": "Maseru",
        "region": "AF",
        "currency": {
            "code": "LSL",
            "name": "Lesotho loti",
            "symbol": "L"
        },
        "language": {
            "code": "en",
            "name": "English"
        },
        "flag": "Images/w40-webp/ls.webp"
    },
    {
        "name": "Liberia",
        "code": "LR",
        "capital": "Monrovia",
        "region": "AF",
        "currency": {
            "code": "LRD",
            "name": "Liberian dollar",
            "symbol": "$"
        },
        "language": {
            "code": "en",
            "name": "English"
        },
        "flag": "Images/w40-webp/lr.webp"
    },
    {
        "name": "Libya",
        "code": "LY",
        "capital": "Tripoli",
        "region": "AF",
        "currency": {
            "code": "LYD",
            "name": "Libyan dinar",
            "symbol": "ل.د"
        },
        "language": {
            "code": "ar",
            "name": "Arabic"
        },
        "flag": "Images/w40-webp/ly.webp"
    },
    {
        "name": "Liechtenstein",
        "code": "LI",
        "capital": "Vaduz",
        "region": "EU",
        "currency": {
            "code": "CHF",
            "name": "Swiss franc",
            "symbol": "Fr"
        },
        "language": {
            "code": "de",
            "name": "German"
        },
        "flag": "Images/w40-webp/li.webp"
    },
    {
        "name": "Lithuania",
        "code": "LT",
        "capital": "Vilnius",
        "region": "EU",
        "currency": {
            "code": "EUR",
            "name": "Euro",
            "symbol": "€"
        },
        "language": {
            "code": "lt",
            "name": "Lithuanian"
        },
        "flag": "Images/w40-webp/lt.webp"
    },
    {
        "name": "Luxembourg",
        "code": "LU",
        "capital": "Luxembourg",
        "region": "EU",
        "currency": {
            "code": "EUR",
            "name": "Euro",
            "symbol": "€"
        },
        "language": {
            "code": "fr",
            "name": "French"
        },
        "flag": "Images/w40-webp/lu.webp"
    },
    {
        "name": "Macao",
        "code": "MO",
        "capital": "",
        "region": "AS",
        "currency": {
            "code": "MOP",
            "name": "Macanese pataca",
            "symbol": "P"
        },
        "language": {
            "code": "zh",
            "name": "Chinese"
        },
        "flag": "Images/w40-webp/mo.webp"
    },
    {
        "name": "Macedonia (the former Yugoslav Republic of)",
        "code": "MK",
        "capital": "Skopje",
        "region": "EU",
        "currency": {
            "code": "MKD",
            "name": "Macedonian denar",
            "symbol": "ден"
        },
        "language": {
            "code": "mk",
            "name": "Macedonian"
        },
        "flag": "Images/w40-webp/mk.webp"
    },
    {
        "name": "Madagascar",
        "code": "MG",
        "capital": "Antananarivo",
        "region": "AF",
        "currency": {
            "code": "MGA",
            "name": "Malagasy ariary",
            "symbol": "Ar"
        },
        "language": {
            "code": "fr",
            "name": "French"
        },
        "flag": "Images/w40-webp/mg.webp"
    },
    {
        "name": "Malawi",
        "code": "MW",
        "capital": "Lilongwe",
        "region": "AF",
        "currency": {
            "code": "MWK",
            "name": "Malawian kwacha",
            "symbol": "MK"
        },
        "language": {
            "code": "en",
            "name": "English"
        },
        "flag": "Images/w40-webp/mw.webp"
    },
    {
        "name": "Malaysia",
        "code": "MY",
        "capital": "Kuala Lumpur",
        "region": "AS",
        "currency": {
            "code": "MYR",
            "name": "Malaysian ringgit",
            "symbol": "RM"
        },
        "language": {
            "code": null,
            "name": "Malaysian"
        },
        "flag": "Images/w40-webp/my.webp"
    },
    {
        "name": "Maldives",
        "code": "MV",
        "capital": "Malé",
        "region": "AS",
        "currency": {
            "code": "MVR",
            "name": "Maldivian rufiyaa",
            "symbol": ".ރ"
        },
        "language": {
            "code": "dv",
            "name": "Divehi"
        },
        "flag": "Images/w40-webp/mv.webp"
    },
    {
        "name": "Mali",
        "code": "ML",
        "capital": "Bamako",
        "region": "AF",
        "currency": {
            "code": "XOF",
            "name": "West African CFA franc",
            "symbol": "Fr"
        },
        "language": {
            "code": "fr",
            "name": "French"
        },
        "flag": "Images/w40-webp/ml.webp"
    },
    {
        "name": "Malta",
        "code": "MT",
        "capital": "Valletta",
        "region": "EU",
        "currency": {
            "code": "EUR",
            "name": "Euro",
            "symbol": "€"
        },
        "language": {
            "code": "mt",
            "name": "Maltese"
        },
        "flag": "Images/w40-webp/mt.webp"
    },
    {
        "name": "Marshall Islands",
        "code": "MH",
        "capital": "Majuro",
        "region": "OC",
        "currency": {
            "code": "USD",
            "name": "United States dollar",
            "symbol": "$"
        },
        "language": {
            "code": "en",
            "name": "English"
        },
        "flag": "Images/w40-webp/mh.webp"
    },
    {
        "name": "Martinique",
        "code": "MQ",
        "capital": "Fort-de-France",
        "region": "Americas",
        "currency": {
            "code": "EUR",
            "name": "Euro",
            "symbol": "€"
        },
        "language": {
            "code": "fr",
            "name": "French"
        },
        "flag": "Images/w40-webp/mq.webp"
    },
    {
        "name": "Mauritania",
        "code": "MR",
        "capital": "Nouakchott",
        "region": "AF",
        "currency": {
            "code": "MRO",
            "name": "Mauritanian ouguiya",
            "symbol": "UM"
        },
        "language": {
            "code": "ar",
            "name": "Arabic"
        },
        "flag": "Images/w40-webp/mr.webp"
    },
    {
        "name": "Mauritius",
        "code": "MU",
        "capital": "Port Louis",
        "region": "AF",
        "currency": {
            "code": "MUR",
            "name": "Mauritian rupee",
            "symbol": "₨"
        },
        "language": {
            "code": "en",
            "name": "English"
        },
        "flag": "Images/w40-webp/mu.webp"
    },
    {
        "name": "Mayotte",
        "code": "YT",
        "capital": "Mamoudzou",
        "region": "AF",
        "currency": {
            "code": "EUR",
            "name": "Euro",
            "symbol": "€"
        },
        "language": {
            "code": "fr",
            "name": "French"
        },
        "flag": "Images/w40-webp/yt.webp"
    },
    {
        "name": "Mexico",
        "code": "MX",
        "capital": "Mexico City",
        "region": "NA",
        "currency": {
            "code": "MXN",
            "name": "Mexican peso",
            "symbol": "$"
        },
        "language": {
            "code": "es",
            "name": "Spanish"
        },
        "flag": "Images/w40-webp/mx.webp"
    },
    {
        "name": "Micronesia (Federated States of)",
        "code": "FM",
        "capital": "Palikir",
        "region": "OC",
        "currency": {
            "code": "USD",
            "name": "United States dollar",
            "symbol": "$"
        },
        "language": {
            "code": "en",
            "name": "English"
        },
        "flag": "Images/w40-webp/fm.webp"
    },
    {
        "name": "Moldova (Republic of)",
        "code": "MD",
        "capital": "Chișinău",
        "region": "EU",
        "currency": {
            "code": "MDL",
            "name": "Moldovan leu",
            "symbol": "L"
        },
        "language": {
            "code": "ro",
            "name": "Romanian"
        },
        "flag": "Images/w40-webp/md.webp"
    },
    {
        "name": "Monaco",
        "code": "MC",
        "capital": "Monaco",
        "region": "EU",
        "currency": {
            "code": "EUR",
            "name": "Euro",
            "symbol": "€"
        },
        "language": {
            "code": "fr",
            "name": "French"
        },
        "flag": "Images/w40-webp/mc.webp"
    },
    {
        "name": "Mongolia",
        "code": "MN",
        "capital": "Ulan Bator",
        "region": "AS",
        "currency": {
            "code": "MNT",
            "name": "Mongolian tögrög",
            "symbol": "₮"
        },
        "language": {
            "code": "mn",
            "name": "Mongolian"
        },
        "flag": "Images/w40-webp/mn.webp"
    },
    {
        "name": "Montenegro",
        "code": "ME",
        "capital": "Podgorica",
        "region": "EU",
        "currency": {
            "code": "EUR",
            "name": "Euro",
            "symbol": "€"
        },
        "language": {
            "code": "sr",
            "name": "Serbian"
        },
        "flag": "Images/w40-webp/ME.webp"
    },
    {
        "name": "Montserrat",
        "code": "MS",
        "capital": "Plymouth",
        "region": "NA",
        "currency": {
            "code": "XCD",
            "name": "East Caribbean dollar",
            "symbol": "$"
        },
        "language": {
            "code": "en",
            "name": "English"
        },
        "flag": "Images/w40-webp/ms.webp"
    },
    {
        "name": "Morocco",
        "code": "MA",
        "capital": "Rabat",
        "region": "AF",
        "currency": {
            "code": "MAD",
            "name": "Moroccan dirham",
            "symbol": "د.م."
        },
        "language": {
            "code": "ar",
            "name": "Arabic"
        },
        "flag": "Images/w40-webp/ma.webp"
    },
    {
        "name": "Mozambique",
        "code": "MZ",
        "capital": "Maputo",
        "region": "AF",
        "currency": {
            "code": "MZN",
            "name": "Mozambican metical",
            "symbol": "MT"
        },
        "language": {
            "code": "pt",
            "name": "Portuguese"
        },
        "flag": "Images/w40-webp/mz.webp"
    },
    {
        "name": "Myanmar",
        "code": "MM",
        "capital": "Naypyidaw",
        "region": "AS",
        "currency": {
            "code": "MMK",
            "name": "Burmese kyat",
            "symbol": "Ks"
        },
        "language": {
            "code": "my",
            "name": "Burmese"
        },
        "flag": "Images/w40-webp/mm.webp"
    },
    {
        "name": "Namibia",
        "code": "NA",
        "capital": "Windhoek",
        "region": "AF",
        "currency": {
            "code": "NAD",
            "name": "Namibian dollar",
            "symbol": "$"
        },
        "language": {
            "code": "en",
            "name": "English"
        },
        "flag": "Images/w40-webp/na.webp"
    },
    {
        "name": "Nauru",
        "code": "NR",
        "capital": "Yaren",
        "region": "OC",
        "currency": {
            "code": "AUD",
            "name": "Australian dollar",
            "symbol": "$"
        },
        "language": {
            "code": "en",
            "name": "English"
        },
        "flag": "Images/w40-webp/nr.webp"
    },
    {
        "name": "Nepal",
        "code": "NP",
        "capital": "Kathmandu",
        "region": "AS",
        "currency": {
            "code": "NPR",
            "name": "Nepalese rupee",
            "symbol": "₨"
        },
        "language": {
            "code": "ne",
            "name": "Nepali"
        },
        "flag": "Images/w40-webp/np.webp"
    },
    {
        "name": "Netherlands",
        "code": "NL",
        "capital": "Amsterdam",
        "region": "EU",
        "currency": {
            "code": "EUR",
            "name": "Euro",
            "symbol": "€"
        },
        "language": {
            "code": "nl",
            "name": "Dutch"
        },
        "flag": "Images/w40-webp/nl.webp"
    },
    {
        "name": "New Caledonia",
        "code": "NC",
        "capital": "Nouméa",
        "region": "OC",
        "currency": {
            "code": "XPF",
            "name": "CFP franc",
            "symbol": "Fr"
        },
        "language": {
            "code": "fr",
            "name": "French"
        },
        "flag": "Images/w40-webp/nc.webp"
    },
    {
        "name": "New Zealand",
        "code": "NZ",
        "capital": "Wellington",
        "region": "OC",
        "currency": {
            "code": "NZD",
            "name": "New Zealand dollar",
            "symbol": "$"
        },
        "language": {
            "code": "en",
            "name": "English"
        },
        "flag": "Images/w40-webp/nz.webp"
    },
    {
        "name": "Nicaragua",
        "code": "NI",
        "capital": "Managua",
        "region": "NA",
        "currency": {
            "code": "NIO",
            "name": "Nicaraguan córdoba",
            "symbol": "C$"
        },
        "language": {
            "code": "es",
            "name": "Spanish"
        },
        "flag": "Images/w40-webp/ni.webp"
    },
    {
        "name": "Niger",
        "code": "NE",
        "capital": "Niamey",
        "region": "AF",
        "currency": {
            "code": "XOF",
            "name": "West African CFA franc",
            "symbol": "Fr"
        },
        "language": {
            "code": "fr",
            "name": "French"
        },
        "flag": "Images/w40-webp/ne.webp"
    },
    {
        "name": "Nigeria",
        "code": "NG",
        "capital": "Abuja",
        "region": "AF",
        "currency": {
            "code": "NGN",
            "name": "Nigerian naira",
            "symbol": "₦"
        },
        "language": {
            "code": "en",
            "name": "English"
        },
        "flag": "Images/w40-webp/ng.webp"
    },
    {
        "name": "Niue",
        "code": "NU",
        "capital": "Alofi",
        "region": "OC",
        "currency": {
            "code": "NZD",
            "name": "New Zealand dollar",
            "symbol": "$"
        },
        "language": {
            "code": "en",
            "name": "English"
        },
        "flag": "Images/w40-webp/nu.webp"
    },
    {
        "name": "Norfolk Island",
        "code": "NF",
        "capital": "Kingston",
        "region": "OC",
        "currency": {
            "code": "AUD",
            "name": "Australian dollar",
            "symbol": "$"
        },
        "language": {
            "code": "en",
            "name": "English"
        },
        "flag": "Images/w40-webp/nf.webp"
    },
    {
        "name": "Korea (Democratic People's Republic of)",
        "code": "KP",
        "capital": "Pyongyang",
        "region": "AS",
        "currency": {
            "code": "KPW",
            "name": "North Korean won",
            "symbol": "₩"
        },
        "language": {
            "code": "ko",
            "name": "Korean"
        },
        "flag": "Images/w40-webp/kp.webp"
    },
    {
        "name": "Northern Mariana Islands",
        "code": "MP",
        "capital": "Saipan",
        "region": "OC",
        "currency": {
            "code": "USD",
            "name": "United States dollar",
            "symbol": "$"
        },
        "language": {
            "code": "en",
            "name": "English"
        },
        "flag": "Images/w40-webp/mp.webp"
    },
    {
        "name": "Norway",
        "code": "NO",
        "capital": "Oslo",
        "region": "EU",
        "currency": {
            "code": "NOK",
            "name": "Norwegian krone",
            "symbol": "kr"
        },
        "language": {
            "code": "no",
            "name": "Norwegian"
        },
        "flag": "Images/w40-webp/no.webp"
    },
    {
        "name": "Oman",
        "code": "OM",
        "capital": "Muscat",
        "region": "AS",
        "currency": {
            "code": "OMR",
            "name": "Omani rial",
            "symbol": "ر.ع."
        },
        "language": {
            "code": "ar",
            "name": "Arabic"
        },
        "flag": "Images/w40-webp/om.webp"
    },
    {
        "name": "Pakistan",
        "code": "PK",
        "capital": "Islamabad",
        "region": "AS",
        "currency": {
            "code": "PKR",
            "name": "Pakistani rupee",
            "symbol": "₨"
        },
        "language": {
            "code": "en",
            "name": "English"
        },
        "flag": "Images/w40-webp/pk.webp"
    },
    {
        "name": "Palau",
        "code": "PW",
        "capital": "Ngerulmud",
        "region": "OC",
        "currency": {
            "code": "USD",
            "name": "United States dollar",
            "symbol": "$"
        },
        "language": {
            "code": "en",
            "name": "English"
        },
        "flag": "Images/w40-webp/pw.webp"
    },
    {
        "name": "Palestine, State of",
        "code": "PS",
        "capital": "Ramallah",
        "region": "AS",
        "currency": {
            "code": "ILS",
            "name": "Israeli new sheqel",
            "symbol": "₪"
        },
        "language": {
            "code": "ar",
            "name": "Arabic"
        },
        "flag": "Images/w40-webp/ps.webp"
    },
    {
        "name": "Panama",
        "code": "PA",
        "capital": "Panama City",
        "region": "NA",
        "currency": {
            "code": "USD",
            "name": "United States dollar",
            "symbol": "$"
        },
        "language": {
            "code": "es",
            "name": "Spanish"
        },
        "flag": "Images/w40-webp/pa.webp"
    },
    {
        "name": "Papua New Guinea",
        "code": "PG",
        "capital": "Port Moresby",
        "region": "OC",
        "currency": {
            "code": "PGK",
            "name": "Papua New Guinean kina",
            "symbol": "K"
        },
        "language": {
            "code": "en",
            "name": "English"
        },
        "flag": "Images/w40-webp/pg.webp"
    },
    {
        "name": "Paraguay",
        "code": "PY",
        "capital": "Asunción",
        "region": "SA",
        "currency": {
            "code": "PYG",
            "name": "Paraguayan guaraní",
            "symbol": "₲"
        },
        "language": {
            "code": "es",
            "name": "Spanish"
        },
        "flag": "Images/w40-webp/py.webp"
    },
    {
        "name": "Peru",
        "code": "PE",
        "capital": "Lima",
        "region": "SA",
        "currency": {
            "code": "PEN",
            "name": "Peruvian sol",
            "symbol": "S/."
        },
        "language": {
            "code": "es",
            "name": "Spanish"
        },
        "flag": "Images/w40-webp/pe.webp"
    },
    {
        "name": "Philippines",
        "code": "PH",
        "capital": "Manila",
        "region": "AS",
        "currency": {
            "code": "PHP",
            "name": "Philippine peso",
            "symbol": "₱"
        },
        "language": {
            "code": "en",
            "name": "English"
        },
        "flag": "Images/w40-webp/ph.webp"
    },
    {
        "name": "Pitcairn",
        "code": "PN",
        "capital": "Adamstown",
        "region": "OC",
        "currency": {
            "code": "NZD",
            "name": "New Zealand dollar",
            "symbol": "$"
        },
        "language": {
            "code": "en",
            "name": "English"
        },
        "flag": "Images/w40-webp/pn.webp"
    },
    {
        "name": "Poland",
        "code": "PL",
        "capital": "Warsaw",
        "region": "EU",
        "currency": {
            "code": "PLN",
            "name": "Polish złoty",
            "symbol": "zł"
        },
        "language": {
            "code": "pl",
            "name": "Polish"
        },
        "flag": "Images/w40-webp/pl.webp"
    },
    {
        "name": "Portugal",
        "code": "PT",
        "capital": "Lisbon",
        "region": "EU",
        "currency": {
            "code": "EUR",
            "name": "Euro",
            "symbol": "€"
        },
        "language": {
            "code": "pt",
            "name": "Portuguese"
        },
        "flag": "Images/w40-webp/pt.webp"
    },
    {
        "name": "Puerto Rico",
        "code": "PR",
        "capital": "San Juan",
        "region": "NA",
        "currency": {
            "code": "USD",
            "name": "United States dollar",
            "symbol": "$"
        },
        "language": {
            "code": "es",
            "name": "Spanish"
        },
        "flag": "Images/w40-webp/pr.webp"
    },
    {
        "name": "Qatar",
        "code": "QA",
        "capital": "Doha",
        "region": "AS",
        "currency": {
            "code": "QAR",
            "name": "Qatari riyal",
            "symbol": "ر.ق"
        },
        "language": {
            "code": "ar",
            "name": "Arabic"
        },
        "flag": "Images/w40-webp/qa.webp"
    },
    {
        "name": "Republic of Kosovo",
        "code": "XK",
        "capital": "Pristina",
        "region": "EU",
        "currency": {
            "code": "EUR",
            "name": "Euro",
            "symbol": "€"
        },
        "language": {
            "code": "sq",
            "name": "Albanian"
        },
        "flag": "Images/w40-webp/xk.webp"
    },
    {
        "name": "Réunion",
        "code": "RE",
        "capital": "Saint-Denis",
        "region": "AF",
        "currency": {
            "code": "EUR",
            "name": "Euro",
            "symbol": "€"
        },
        "language": {
            "code": "fr",
            "name": "French"
        },
        "flag": "Images/w40-webp/re.webp"
    },
    {
        "name": "Romania",
        "code": "RO",
        "capital": "Bucharest",
        "region": "EU",
        "currency": {
            "code": "RON",
            "name": "Romanian leu",
            "symbol": "lei"
        },
        "language": {
            "code": "ro",
            "name": "Romanian"
        },
        "flag": "Images/w40-webp/ro.webp"
    },
    {
        "name": "Russian Federation",
        "code": "RU",
        "capital": "Moscow",
        "region": "EU",
        "currency": {
            "code": "RUB",
            "name": "Russian ruble",
            "symbol": "₽"
        },
        "language": {
            "code": "ru",
            "name": "Russian"
        },
        "flag": "Images/w40-webp/ru.webp"
    },
    {
        "name": "Rwanda",
        "code": "RW",
        "capital": "Kigali",
        "region": "AF",
        "currency": {
            "code": "RWF",
            "name": "Rwandan franc",
            "symbol": "Fr"
        },
        "language": {
            "code": "rw",
            "name": "Kinyarwanda"
        },
        "flag": "Images/w40-webp/rw.webp"
    },
    {
        "name": "Saint Barthélemy",
        "code": "BL",
        "capital": "Gustavia",
        "region": "NA",
        "currency": {
            "code": "EUR",
            "name": "Euro",
            "symbol": "€"
        },
        "language": {
            "code": "fr",
            "name": "French"
        },
        "flag": "Images/w40-webp/bl.webp"
    },
    {
        "name": "Saint Helena, Ascension and Tristan da Cunha",
        "code": "SH",
        "capital": "Jamestown",
        "region": "AF",
        "currency": {
            "code": "SHP",
            "name": "Saint Helena pound",
            "symbol": "£"
        },
        "language": {
            "code": "en",
            "name": "English"
        },
        "flag": "Images/w40-webp/sh.webp"
    },
    {
        "name": "Saint Kitts and Nevis",
        "code": "KN",
        "capital": "Basseterre",
        "region": "NA",
        "currency": {
            "code": "XCD",
            "name": "East Caribbean dollar",
            "symbol": "$"
        },
        "language": {
            "code": "en",
            "name": "English"
        },
        "flag": "Images/w40-webp/kn.webp"
    },
    {
        "name": "Saint Lucia",
        "code": "LC",
        "capital": "Castries",
        "region": "NA",
        "currency": {
            "code": "XCD",
            "name": "East Caribbean dollar",
            "symbol": "$"
        },
        "language": {
            "code": "en",
            "name": "English"
        },
        "flag": "Images/w40-webp/lc.webp"
    },
    {
        "name": "Saint Martin (French part)",
        "code": "MF",
        "capital": "Marigot",
        "region": "NA",
        "currency": {
            "code": "EUR",
            "name": "Euro",
            "symbol": "€"
        },
        "language": {
            "code": "en",
            "name": "English"
        },
        "flag": "Images/w40-webp/mf.webp"
    },
    {
        "name": "Saint Pierre and Miquelon",
        "code": "PM",
        "capital": "Saint-Pierre",
        "region": "NA",
        "currency": {
            "code": "EUR",
            "name": "Euro",
            "symbol": "€"
        },
        "language": {
            "code": "fr",
            "name": "French"
        },
        "flag": "Images/w40-webp/pm.webp"
    },
    {
        "name": "Saint Vincent and the Grenadines",
        "code": "VC",
        "capital": "Kingstown",
        "region": "NA",
        "currency": {
            "code": "XCD",
            "name": "East Caribbean dollar",
            "symbol": "$"
        },
        "language": {
            "code": "en",
            "name": "English"
        },
        "flag": "Images/w40-webp/vc.webp"
    },
    {
        "name": "Samoa",
        "code": "WS",
        "capital": "Apia",
        "region": "OC",
        "currency": {
            "code": "WST",
            "name": "Samoan tālā",
            "symbol": "T"
        },
        "language": {
            "code": "sm",
            "name": "Samoan"
        },
        "flag": "Images/w40-webp/ws.webp"
    },
    {
        "name": "San Marino",
        "code": "SM",
        "capital": "City of San Marino",
        "region": "EU",
        "currency": {
            "code": "EUR",
            "name": "Euro",
            "symbol": "€"
        },
        "language": {
            "code": "it",
            "name": "Italian"
        },
        "flag": "Images/w40-webp/sm.webp"
    },
    {
        "name": "Sao Tome and Principe",
        "code": "ST",
        "capital": "São Tomé",
        "region": "AF",
        "currency": {
            "code": "STD",
            "name": "São Tomé and Príncipe dobra",
            "symbol": "Db"
        },
        "language": {
            "code": "pt",
            "name": "Portuguese"
        },
        "flag": "Images/w40-webp/st.webp"
    },
    {
        "name": "Saudi Arabia",
        "code": "SA",
        "capital": "Riyadh",
        "region": "AS",
        "currency": {
            "code": "SAR",
            "name": "Saudi riyal",
            "symbol": "ر.س"
        },
        "language": {
            "code": "ar",
            "name": "Arabic"
        },
        "flag": "Images/w40-webp/sa.webp"
    },
    {
        "name": "Senegal",
        "code": "SN",
        "capital": "Dakar",
        "region": "AF",
        "currency": {
            "code": "XOF",
            "name": "West African CFA franc",
            "symbol": "Fr"
        },
        "language": {
            "code": "fr",
            "name": "French"
        },
        "flag": "Images/w40-webp/sn.webp"
    },
    {
        "name": "Serbia",
        "code": "RS",
        "capital": "Belgrade",
        "region": "EU",
        "currency": {
            "code": "RSD",
            "name": "Serbian dinar",
            "symbol": "дин."
        },
        "language": {
            "code": "sr",
            "name": "Serbian"
        },
        "flag": "Images/w40-webp/rs.webp"
    },
    {
        "name": "Seychelles",
        "code": "SC",
        "capital": "Victoria",
        "region": "AF",
        "currency": {
            "code": "SCR",
            "name": "Seychellois rupee",
            "symbol": "₨"
        },
        "language": {
            "code": "fr",
            "name": "French"
        },
        "flag": "Images/w40-webp/sc.webp"
    },
    {
        "name": "Sierra Leone",
        "code": "SL",
        "capital": "Freetown",
        "region": "AF",
        "currency": {
            "code": "SLL",
            "name": "Sierra Leonean leone",
            "symbol": "Le"
        },
        "language": {
            "code": "en",
            "name": "English"
        },
        "flag": "Images/w40-webp/sl.webp"
    },
    {
        "name": "Singapore",
        "code": "SG",
        "capital": "Singapore",
        "region": "AS",
        "currency": {
            "code": "SGD",
            "name": "Singapore dollar",
            "symbol": "$"
        },
        "language": {
            "code": "en",
            "name": "English"
        },
        "flag": "Images/w40-webp/sg.webp"
    },
    {
        "name": "Sint Maarten (Dutch part)",
        "code": "SX",
        "capital": "Philipsburg",
        "region": "Americas",
        "currency": {
            "code": "ANG",
            "name": "Netherlands Antillean guilder",
            "symbol": "ƒ"
        },
        "language": {
            "code": "nl",
            "name": "Dutch"
        },
        "flag": "Images/w40-webp/sx.webp"
    },
    {
        "name": "Slovakia",
        "code": "SK",
        "capital": "Bratislava",
        "region": "EU",
        "currency": {
            "code": "EUR",
            "name": "Euro",
            "symbol": "€"
        },
        "language": {
            "code": "sk",
            "name": "Slovak"
        },
        "flag": "Images/w40-webp/sk.webp"
    },
    {
        "name": "Slovenia",
        "code": "SI",
        "capital": "Ljubljana",
        "region": "EU",
        "currency": {
            "code": "EUR",
            "name": "Euro",
            "symbol": "€"
        },
        "language": {
            "code": "sl",
            "name": "Slovene"
        },
        "flag": "Images/w40-webp/si.webp"
    },
    {
        "name": "Solomon Islands",
        "code": "SB",
        "capital": "Honiara",
        "region": "OC",
        "currency": {
            "code": "SBD",
            "name": "Solomon Islands dollar",
            "symbol": "$"
        },
        "language": {
            "code": "en",
            "name": "English"
        },
        "flag": "Images/w40-webp/sb.webp"
    },
    {
        "name": "Somalia",
        "code": "SO",
        "capital": "Mogadishu",
        "region": "AF",
        "currency": {
            "code": "SOS",
            "name": "Somali shilling",
            "symbol": "Sh"
        },
        "language": {
            "code": "ar",
            "name": "Arabic"
        },
        "flag": "Images/w40-webp/so.webp"
    },
    {
        "name": "South Africa",
        "code": "ZA",
        "capital": "Pretoria",
        "region": "AF",
        "currency": {
            "code": "ZAR",
            "name": "South African rand",
            "symbol": "R"
        },
        "language": {
            "code": "en",
            "iso639_2": "eng",
            "name": "English",
            "nativeName": "English"
        },
        "flag": "Images/w40-webp/za.webp"
    },
    {
        "name": "South Georgia and the South Sandwich Islands",
        "code": "GS",
        "capital": "King Edward Point",
        "region": "NA",
        "currency": {
            "code": "GBP",
            "name": "British pound",
            "symbol": "£"
        },
        "language": {
            "code": "en",
            "name": "English"
        },
        "flag": "Images/w40-webp/gs.webp"
    },
    {
        "name": "Korea (Republic of)",
        "code": "KR",
        "capital": "Seoul",
        "region": "AS",
        "currency": {
            "code": "KRW",
            "name": "South Korean won",
            "symbol": "₩"
        },
        "language": {
            "code": "ko",
            "name": "Korean"
        },
        "flag": "Images/w40-webp/kr.webp"
    },
    {
        "name": "South Sudan",
        "code": "SS",
        "capital": "Juba",
        "region": "AF",
        "currency": {
            "code": "SSP",
            "name": "South Sudanese pound",
            "symbol": "£"
        },
        "language": {
            "code": "en",
            "name": "English"
        },
        "flag": "Images/w40-webp/ss.webp"
    },
    {
        "name": "Spain",
        "code": "ES",
        "capital": "Madrid",
        "region": "EU",
        "currency": {
            "code": "EUR",
            "name": "Euro",
            "symbol": "€"
        },
        "language": {
            "code": "es",
            "name": "Spanish"
        },
        "flag": "Images/w40-webp/es.webp"
    },
    {
        "name": "Sri Lanka",
        "code": "LK",
        "capital": "Colombo",
        "region": "AS",
        "currency": {
            "code": "LKR",
            "name": "Sri Lankan rupee",
            "symbol": "Rs"
        },
        "language": {
            "code": "si",
            "iso639_2": "sin",
            "name": "Sinhalese",
            "nativeName": "සිංහල"
        },
        "flag": "Images/w40-webp/lk.webp"
    },
    {
        "name": "Sudan",
        "code": "SD",
        "capital": "Khartoum",
        "region": "AF",
        "currency": {
            "code": "SDG",
            "name": "Sudanese pound",
            "symbol": "ج.س."
        },
        "language": {
            "code": "ar",
            "name": "Arabic"
        },
        "flag": "Images/w40-webp/sd.webp"
    },
    {
        "name": "Suriname",
        "code": "SR",
        "capital": "Paramaribo",
        "region": "SA",
        "currency": {
            "code": "SRD",
            "name": "Surinamese dollar",
            "symbol": "$"
        },
        "language": {
            "code": "nl",
            "name": "Dutch"
        },
        "flag": "Images/w40-webp/sr.webp"
    },
    {
        "name": "Svalbard and Jan Mayen",
        "code": "SJ",
        "capital": "Longyearbyen",
        "region": "EU",
        "currency": {
            "code": "NOK",
            "name": "Norwegian krone",
            "symbol": "kr"
        },
        "language": {
            "code": "no",
            "name": "Norwegian"
        },
        "flag": "Images/w40-webp/sj.webp"
    },
    {
        "name": "Swaziland",
        "code": "SZ",
        "capital": "Lobamba",
        "region": "AF",
        "currency": {
            "code": "SZL",
            "name": "Swazi lilangeni",
            "symbol": "L"
        },
        "language": {
            "code": "en",
            "name": "English"
        },
        "flag": "Images/w40-webp/sz.webp"
    },
    {
        "name": "Sweden",
        "code": "SE",
        "capital": "Stockholm",
        "region": "EU",
        "currency": {
            "code": "SEK",
            "name": "Swedish krona",
            "symbol": "kr"
        },
        "language": {
            "code": "sv",
            "name": "Swedish"
        },
        "flag": "Images/w40-webp/se.webp"
    },
    {
        "name": "Switzerland",
        "code": "CH",
        "capital": "Bern",
        "region": "EU",
        "currency": {
            "code": "CHF",
            "name": "Swiss franc",
            "symbol": "Fr"
        },
        "language": {
            "code": "de",
            "name": "German"
        },
        "flag": "Images/w40-webp/ch.webp"
    },
    {
        "name": "Syrian Arab Republic",
        "code": "SY",
        "capital": "Damascus",
        "region": "AS",
        "currency": {
            "code": "SYP",
            "name": "Syrian pound",
            "symbol": "£"
        },
        "language": {
            "code": "ar",
            "name": "Arabic"
        },
        "flag": "Images/w40-webp/sy.webp"
    },
    {
        "name": "Taiwan",
        "code": "TW",
        "capital": "Taipei",
        "region": "AS",
        "currency": {
            "code": "TWD",
            "name": "New Taiwan dollar",
            "symbol": "$"
        },
        "language": {
            "code": "zh",
            "name": "Chinese"
        },
        "flag": "Images/w40-webp/tw.webp"
    },
    {
        "name": "Tajikistan",
        "code": "TJ",
        "capital": "Dushanbe",
        "region": "AS",
        "currency": {
            "code": "TJS",
            "name": "Tajikistani somoni",
            "symbol": "ЅМ"
        },
        "language": {
            "code": "tg",
            "name": "Tajik"
        },
        "flag": "Images/w40-webp/tj.webp"
    },
    {
        "name": "Tanzania, United Republic of",
        "code": "TZ",
        "capital": "Dodoma",
        "region": "AF",
        "currency": {
            "code": "TZS",
            "name": "Tanzanian shilling",
            "symbol": "Sh"
        },
        "language": {
            "code": "en",
            "name": "English"
        },
        "flag": "Images/w40-webp/tz.webp"
    },
    {
        "name": "Thailand",
        "code": "TH",
        "capital": "Bangkok",
        "region": "AS",
        "currency": {
            "code": "THB",
            "name": "Thai baht",
            "symbol": "฿"
        },
        "language": {
            "code": "th",
            "name": "Thai"
        },
        "flag": "Images/w40-webp/th.webp"
    },
    {
        "name": "Timor-Leste",
        "code": "TL",
        "capital": "Dili",
        "region": "AS",
        "currency": {
            "code": "USD",
            "name": "United States dollar",
            "symbol": "$"
        },
        "language": {
            "code": "pt",
            "name": "Portuguese"
        },
        "flag": "Images/w40-webp/tl.webp"
    },
    {
        "name": "Togo",
        "code": "TG",
        "capital": "Lomé",
        "region": "AF",
        "currency": {
            "code": "XOF",
            "name": "West African CFA franc",
            "symbol": "Fr"
        },
        "language": {
            "code": "fr",
            "name": "French"
        },
        "flag": "Images/w40-webp/tg.webp"
    },
    {
        "name": "Tokelau",
        "code": "TK",
        "capital": "Fakaofo",
        "region": "OC",
        "currency": {
            "code": "NZD",
            "name": "New Zealand dollar",
            "symbol": "$"
        },
        "language": {
            "code": "en",
            "name": "English"
        },
        "flag": "Images/w40-webp/tk.webp"
    },
    {
        "name": "Tonga",
        "code": "TO",
        "capital": "Nuku'alofa",
        "region": "OC",
        "currency": {
            "code": "TOP",
            "name": "Tongan paʻanga",
            "symbol": "T$"
        },
        "language": {
            "code": "en",
            "name": "English"
        },
        "flag": "Images/w40-webp/to.webp"
    },
    {
        "name": "Trinidad and Tobago",
        "code": "TT",
        "capital": "Port of Spain",
        "region": "SA",
        "currency": {
            "code": "TTD",
            "name": "Trinidad and Tobago dollar",
            "symbol": "$"
        },
        "language": {
            "code": "en",
            "name": "English"
        },
        "flag": "Images/w40-webp/tt.webp"
    },
    {
        "name": "Tunisia",
        "code": "TN",
        "capital": "Tunis",
        "region": "AF",
        "currency": {
            "code": "TND",
            "name": "Tunisian dinar",
            "symbol": "د.ت"
        },
        "language": {
            "code": "ar",
            "name": "Arabic"
        },
        "flag": "Images/w40-webp/tn.webp"
    },
    {
        "name": "Turkey",
        "code": "TR",
        "capital": "Ankara",
        "region": "AS",
        "currency": {
            "code": "TRY",
            "name": "Turkish lira",
            "symbol": null
        },
        "language": {
            "code": "tr",
            "name": "Turkish"
        },
        "flag": "Images/w40-webp/tr.webp"
    },
    {
        "name": "Turkmenistan",
        "code": "TM",
        "capital": "Ashgabat",
        "region": "AS",
        "currency": {
            "code": "TMT",
            "name": "Turkmenistan manat",
            "symbol": "m"
        },
        "language": {
            "code": "tk",
            "name": "Turkmen"
        },
        "flag": "Images/w40-webp/tm.webp"
    },
    {
        "name": "Turks and Caicos Islands",
        "code": "TC",
        "capital": "Cockburn Town",
        "region": "NA",
        "currency": {
            "code": "USD",
            "name": "United States dollar",
            "symbol": "$"
        },
        "language": {
            "code": "en",
            "name": "English"
        },
        "flag": "Images/w40-webp/tc.webp"
    },
    {
        "name": "Tuvalu",
        "code": "TV",
        "capital": "Funafuti",
        "region": "OC",
        "currency": {
            "code": "AUD",
            "name": "Australian dollar",
            "symbol": "$"
        },
        "language": {
            "code": "en",
            "name": "English"
        },
        "flag": "Images/w40-webp/tv.webp"
    },
    {
        "name": "Uganda",
        "code": "UG",
        "capital": "Kampala",
        "region": "AF",
        "currency": {
            "code": "UGX",
            "name": "Ugandan shilling",
            "symbol": "Sh"
        },
        "language": {
            "code": "en",
            "name": "English"
        },
        "flag": "Images/w40-webp/ug.webp"
    },
    {
        "name": "Ukraine",
        "code": "UA",
        "capital": "Kiev",
        "region": "EU",
        "currency": {
            "code": "UAH",
            "name": "Ukrainian hryvnia",
            "symbol": "₴"
        },
        "language": {
            "code": "uk",
            "name": "Ukrainian"
        },
        "flag": "Images/w40-webp/ua.webp"
    },
    {
        "name": "United Arab Emirates",
        "code": "AE",
        "capital": "Abu Dhabi",
        "region": "AS",
        "currency": {
            "code": "AED",
            "name": "United Arab Emirates dirham",
            "symbol": "د.إ"
        },
        "language": {
            "code": "ar",
            "name": "Arabic"
        },
        "flag": "Images/w40-webp/ae.webp"
    },
    {
        "name": "United Kingdom of Great Britain and Northern Ireland",
        "code": "GB",
        "capital": "London",
        "region": "EU",
        "currency": {
            "code": "GBP",
            "name": "British pound",
            "symbol": "£"
        },
        "language": {
            "code": "en",
            "name": "English"
        },
        "flag": "Images/w40-webp/gb-eng.webp"
    },
    {
        "name": "United States of America",
        "code": "US",
        "capital": "Washington, D.C.",
        "region": "NA",
        "currency": {
            "code": "USD",
            "name": "United States dollar",
            "symbol": "$"
        },
        "language": {
            "code": "en",
            "iso639_2": "eng",
            "name": "English",
            "nativeName": "English"
        },
        "flag": "Images/w40-webp/us.webp"
    },
    {
        "name": "Uruguay",
        "code": "UY",
        "capital": "Montevideo",
        "region": "SA",
        "currency": {
            "code": "UYU",
            "name": "Uruguayan peso",
            "symbol": "$"
        },
        "language": {
            "code": "es",
            "name": "Spanish"
        },
        "flag": "Images/w40-webp/uy.webp"
    },
    {
        "name": "Uzbekistan",
        "code": "UZ",
        "capital": "Tashkent",
        "region": "AS",
        "currency": {
            "code": "UZS",
            "name": "Uzbekistani so'm",
            "symbol": null
        },
        "language": {
            "code": "uz",
            "name": "Uzbek"
        },
        "flag": "Images/w40-webp/uz.webp"
    },
    {
        "name": "Vanuatu",
        "code": "VU",
        "capital": "Port Vila",
        "region": "OC",
        "currency": {
            "code": "VUV",
            "name": "Vanuatu vatu",
            "symbol": "Vt"
        },
        "language": {
            "code": "en",
            "name": "English"
        },
        "flag": "Images/w40-webp/vu.webp"
    },
    {
        "name": "Venezuela (Bolivarian Republic of)",
        "code": "VE",
        "capital": "Caracas",
        "region": "SA",
        "currency": {
            "code": "VEF",
            "name": "Venezuelan bolívar",
            "symbol": "Bs F"
        },
        "language": {
            "code": "es",
            "name": "Spanish"
        },
        "flag": "Images/w40-webp/ve.webp"
    },
    {
        "name": "Viet Nam",
        "code": "VN",
        "capital": "Hanoi",
        "region": "AS",
        "currency": {
            "code": "VND",
            "name": "Vietnamese đồng",
            "symbol": "₫"
        },
        "language": {
            "code": "vi",
            "name": "Vietnamese"
        },
        "flag": "Images/w40-webp/vn.webp"
    },
    {
        "name": "Wallis and Futuna",
        "code": "WF",
        "capital": "Mata-Utu",
        "region": "OC",
        "currency": {
            "code": "XPF",
            "name": "CFP franc",
            "symbol": "Fr"
        },
        "language": {
            "code": "fr",
            "name": "French"
        },
        "flag": "Images/w40-webp/wf.webp"
    },
    {
        "name": "Western Sahara",
        "code": "EH",
        "capital": "El Aaiún",
        "region": "AF",
        "currency": {
            "code": "MAD",
            "name": "Moroccan dirham",
            "symbol": "د.م."
        },
        "language": {
            "code": "es",
            "name": "Spanish"
        },
        "flag": "Images/w40-webp/eh.webp"
    },
    {
        "name": "Yemen",
        "code": "YE",
        "capital": "Sana'a",
        "region": "AS",
        "currency": {
            "code": "YER",
            "name": "Yemeni rial",
            "symbol": "﷼"
        },
        "language": {
            "code": "ar",
            "name": "Arabic"
        },
        "flag": "Images/w40-webp/ye.webp"
    },
    {
        "name": "Zambia",
        "code": "ZM",
        "capital": "Lusaka",
        "region": "AF",
        "currency": {
            "code": "ZMW",
            "name": "Zambian kwacha",
            "symbol": "ZK"
        },
        "language": {
            "code": "en",
            "name": "English"
        },
        "flag": "Images/w40-webp/zm.webp"
    },
    {
        "name": "Zimbabwe",
        "code": "ZW",
        "capital": "Harare",
        "region": "AF",
        "currency": {
            "code": "BWP",
            "name": "Botswana pula",
            "symbol": "P"
        },
        "language": {
            "code": "en",
            "iso639_2": "eng",
            "name": "English",
            "nativeName": "English"
        },
        "flag": "Images/w40-webp/zw.webp"
    }
]
